{"cameraMode":{"drawMode":0,"name":"Shaded","section":"Shading Mode"},"sceneLighting":false,"audioPlay":false,"sceneViewState":{"showFog":true,"showMaterialUpdate":false,"showSkybox":false,"showFlares":true,"showImageEffects":true,"showParticleSystems":true},"in2DMode":false,"pivot":{"x":-0.12139666080474854,"y":-0.6079691648483276,"z":0.0417938232421875},"rotation":{"x":0.08816441148519516,"y":-0.9087556600570679,"z":0.24145519733428956,"w":0.330652117729187},"size":1.7597565650939942,"orthographic":false}