{"cameraMode":{"drawMode":0,"name":"Shaded","section":"Shading Mode"},"sceneLighting":false,"audioPlay":false,"sceneViewState":{"showFog":true,"showMaterialUpdate":false,"showSkybox":false,"showFlares":true,"showImageEffects":true,"showParticleSystems":true},"in2DMode":false,"pivot":{"x":9.04704475402832,"y":1.6504697799682618,"z":-0.9344689846038818},"rotation":{"x":0.017298759892582895,"y":-0.9835673570632935,"z":0.14733536541461945,"w":0.10874693840742111},"size":1.9528040885925294,"orthographic":false}