{"cameraMode":{"drawMode":0,"name":"Shaded","section":"Shading Mode"},"sceneLighting":false,"audioPlay":false,"sceneViewState":{"showFog":true,"showMaterialUpdate":false,"showSkybox":false,"showFlares":true,"showImageEffects":true,"showParticleSystems":true},"in2DMode":false,"pivot":{"x":-0.739747166633606,"y":-0.049664199352264407,"z":0.06641705334186554},"rotation":{"x":-0.6679271459579468,"y":0.1769934743642807,"z":-0.16729934513568879,"w":-0.7035319805145264},"size":0.3127298951148987,"orthographic":false}