{"cameraMode":{"drawMode":0,"name":"Shaded","section":"Shading Mode"},"sceneLighting":true,"audioPlay":false,"sceneViewState":{"showFog":true,"showMaterialUpdate":false,"showSkybox":true,"showFlares":true,"showImageEffects":true,"showParticleSystems":true},"in2DMode":false,"pivot":{"x":6.349999904632568,"y":1.5540717840194703,"z":0.5581371188163757},"rotation":{"x":0.37333357334136965,"y":0.21691401302814485,"z":-0.08765578269958496,"w":0.8984133005142212},"size":2.915832757949829,"orthographic":false}