{"cameraMode":{"drawMode":0,"name":"Shaded","section":"Shading Mode"},"sceneLighting":false,"audioPlay":false,"sceneViewState":{"showFog":true,"showMaterialUpdate":false,"showSkybox":false,"showFlares":true,"showImageEffects":true,"showParticleSystems":true},"in2DMode":false,"pivot":{"x":3.822999954223633,"y":1.4759999513626099,"z":-1.880000114440918},"rotation":{"x":-0.10647553950548172,"y":0.802158772945404,"z":-0.149798184633255,"w":-0.5683642029762268},"size":1.322474479675293,"orthographic":false}