{"cameraMode":{"drawMode":0,"name":"Shaded","section":"Shading Mode"},"sceneLighting":false,"audioPlay":false,"sceneViewState":{"showFog":true,"showMaterialUpdate":false,"showSkybox":false,"showFlares":true,"showImageEffects":true,"showParticleSystems":true},"in2DMode":false,"pivot":{"x":-10.407699584960938,"y":0.19843865931034089,"z":-2.8970632553100588},"rotation":{"x":0.16642561554908753,"y":-0.5393327474594116,"z":0.11196919530630112,"w":0.8181356191635132},"size":1.54563570022583,"orthographic":false}