{"cameraMode":{"drawMode":0,"name":"Shaded","section":"Shading Mode"},"sceneLighting":false,"audioPlay":false,"sceneViewState":{"showFog":true,"showMaterialUpdate":false,"showSkybox":false,"showFlares":true,"showImageEffects":true,"showParticleSystems":true},"in2DMode":false,"pivot":{"x":9.219999313354493,"y":2.495713472366333,"z":0.12974877655506135},"rotation":{"x":0.518898069858551,"y":0.44638460874557497,"z":-0.3678956627845764,"w":0.6294222474098206},"size":19.999969482421876,"orthographic":false}