{"cameraMode":{"drawMode":0,"name":"Shaded","section":"Shading Mode"},"sceneLighting":true,"audioPlay":false,"sceneViewState":{"showFog":true,"showMaterialUpdate":false,"showSkybox":true,"showFlares":true,"showImageEffects":true,"showParticleSystems":true},"in2DMode":false,"pivot":{"x":94.26638793945313,"y":-3.9330406188964845,"z":180.58084106445313},"rotation":{"x":0.3597119450569153,"y":0.5301557183265686,"z":-0.2625202238559723,"w":0.7219119668006897},"size":28.073366165161134,"orthographic":false}