{"cameraMode":{"drawMode":0,"name":"Shaded","section":"Shading Mode"},"sceneLighting":false,"audioPlay":false,"sceneViewState":{"showFog":true,"showMaterialUpdate":false,"showSkybox":false,"showFlares":true,"showImageEffects":true,"showParticleSystems":true},"in2DMode":false,"pivot":{"x":-0.5104748010635376,"y":0.04194837808609009,"z":-0.14875183999538423},"rotation":{"x":-0.8692361116409302,"y":-0.12161479890346527,"z":0.39794325828552248,"w":-0.2678181529045105},"size":1.5127298831939698,"orthographic":false}