{"cameraMode":{"drawMode":0,"name":"Shaded","section":"Shading Mode"},"sceneLighting":false,"audioPlay":false,"sceneViewState":{"showFog":true,"showMaterialUpdate":false,"showSkybox":false,"showFlares":true,"showImageEffects":true,"showParticleSystems":true},"in2DMode":false,"pivot":{"x":-3.5390257835388186e-8,"y":-0.1428000032901764,"z":-0.0837932825088501},"rotation":{"x":-0.9011300206184387,"y":-0.04795774817466736,"z":0.10320626944303513,"w":-0.418413907289505},"size":0.9156236052513123,"orthographic":false}