{"cameraMode":{"drawMode":0,"name":"Shaded","section":"Shading Mode"},"sceneLighting":false,"audioPlay":false,"sceneViewState":{"showFog":true,"showMaterialUpdate":false,"showSkybox":false,"showFlares":true,"showImageEffects":true,"showParticleSystems":true},"in2DMode":false,"pivot":{"x":14.16296672821045,"y":-5.166170597076416,"z":-91.45504760742188},"rotation":{"x":-0.16027988493442536,"y":-0.3064497411251068,"z":0.04891861975193024,"w":-0.9372479915618897},"size":3.0967607498168947,"orthographic":false}