{"cameraMode":{"drawMode":0,"name":"Shaded","section":"Shading Mode"},"sceneLighting":false,"audioPlay":false,"sceneViewState":{"showFog":true,"showMaterialUpdate":false,"showSkybox":false,"showFlares":true,"showImageEffects":true,"showParticleSystems":true},"in2DMode":false,"pivot":{"x":2.880000114440918,"y":2.380000114440918,"z":-4.059999942779541},"rotation":{"x":0.27494123578071597,"y":0.6316496133804321,"z":-0.2407274842262268,"w":0.6845315098762512},"size":6.130128383636475,"orthographic":false}