{"cameraMode":{"drawMode":0,"name":"Shaded","section":"Shading Mode"},"sceneLighting":false,"audioPlay":false,"sceneViewState":{"showFog":true,"showMaterialUpdate":false,"showSkybox":false,"showFlares":true,"showImageEffects":true,"showParticleSystems":true},"in2DMode":false,"pivot":{"x":6.350000381469727,"y":1.5536524057388306,"z":0.7016880512237549},"rotation":{"x":-0.017449697479605676,"y":0.970369815826416,"z":-0.07687383145093918,"w":-0.22893430292606355},"size":0.8433232307434082,"orthographic":false}