{"cameraMode":{"drawMode":0,"name":"Shaded","section":"Shading Mode"},"sceneLighting":true,"audioPlay":false,"sceneViewState":{"showFog":false,"showMaterialUpdate":false,"showSkybox":true,"showFlares":true,"showImageEffects":true,"showParticleSystems":true},"in2DMode":false,"pivot":{"x":-9.539756774902344,"y":11.862882614135743,"z":-30.13409423828125},"rotation":{"x":0.059828661382198337,"y":-0.34875211119651797,"z":0.02231472171843052,"w":0.9350380301475525},"size":88.23988342285156,"orthographic":false}