{"cameraMode":{"drawMode":0,"name":"Shaded","section":"Shading Mode"},"sceneLighting":false,"audioPlay":false,"sceneViewState":{"showFog":true,"showMaterialUpdate":false,"showSkybox":false,"showFlares":true,"showImageEffects":true,"showParticleSystems":true},"in2DMode":false,"pivot":{"x":307.2174072265625,"y":451.24755859375,"z":11.634765625},"rotation":{"x":0.002085301326587796,"y":0.09771031141281128,"z":0.002771009225398302,"w":0.9955087304115295},"size":367.19427490234377,"orthographic":false}