{"cameraMode":{"drawMode":0,"name":"Shaded","section":"Shading Mode"},"sceneLighting":true,"audioPlay":false,"sceneViewState":{"showFog":true,"showMaterialUpdate":false,"showSkybox":true,"showFlares":true,"showImageEffects":true,"showParticleSystems":true},"in2DMode":false,"pivot":{"x":91.8359375,"y":-7.75037956237793,"z":123.58700561523438},"rotation":{"x":-0.1784195452928543,"y":-0.24900291860103608,"z":0.04420999437570572,"w":-0.9511630535125732},"size":20.125656127929689,"orthographic":false}