{"cameraMode":{"drawMode":0,"name":"Shaded","section":"Shading Mode"},"sceneLighting":false,"audioPlay":false,"sceneViewState":{"showFog":true,"showMaterialUpdate":false,"showSkybox":false,"showFlares":true,"showImageEffects":true,"showParticleSystems":true},"in2DMode":false,"pivot":{"x":8.469622611999512,"y":2.043931007385254,"z":0.005241677165031433},"rotation":{"x":0.15637937188148499,"y":0.8366082906723023,"z":-0.42831552028656008,"w":0.3040093779563904},"size":0.4039233922958374,"orthographic":false}