{"cameraMode":{"drawMode":0,"name":"Shaded","section":"Shading Mode"},"sceneLighting":true,"audioPlay":false,"sceneViewState":{"showFog":true,"showMaterialUpdate":false,"showSkybox":true,"showFlares":true,"showImageEffects":true,"showParticleSystems":true},"in2DMode":false,"pivot":{"x":-9.721248626708985,"y":31.451608657836915,"z":-5.897396087646484},"rotation":{"x":-0.14172659814357758,"y":-0.753488302230835,"z":0.15958508849143983,"w":-0.6231848001480103},"size":16.796295166015626,"orthographic":false}