{"cameraMode":{"drawMode":0,"name":"Shaded","section":"Shading Mode"},"sceneLighting":false,"audioPlay":false,"sceneViewState":{"showFog":true,"showMaterialUpdate":false,"showSkybox":false,"showFlares":true,"showImageEffects":true,"showParticleSystems":true},"in2DMode":false,"pivot":{"x":1.0437581539154053,"y":1.3489990234375,"z":-0.21599996089935304},"rotation":{"x":0.1463257074356079,"y":-0.7180308699607849,"z":0.1630358248949051,"w":0.6608995199203491},"size":3.021724224090576,"orthographic":false}