{"cameraMode":{"drawMode":0,"name":"Shaded","section":"Shading Mode"},"sceneLighting":true,"audioPlay":false,"sceneViewState":{"showFog":true,"showMaterialUpdate":false,"showSkybox":false,"showFlares":true,"showImageEffects":true,"showParticleSystems":true},"in2DMode":false,"pivot":{"x":3.4180002212524416,"y":1.371999740600586,"z":2.629199743270874},"rotation":{"x":0.10722928494215012,"y":-0.8884482979774475,"z":0.3447546362876892,"w":0.2840442359447479},"size":1.9015624523162842,"orthographic":false}