{"cameraMode":{"drawMode":0,"name":"Shaded","section":"Shading Mode"},"sceneLighting":false,"audioPlay":false,"sceneViewState":{"showFog":true,"showMaterialUpdate":false,"showSkybox":false,"showFlares":true,"showImageEffects":true,"showParticleSystems":true},"in2DMode":false,"pivot":{"x":-10.340999603271485,"y":0.1319386512041092,"z":-2.8970632553100588},"rotation":{"x":-0.22983458638191224,"y":-0.7373101115226746,"z":0.28941386938095095,"w":-0.5664653778076172},"size":1.5428009033203126,"orthographic":false}