{"cameraMode":{"drawMode":0,"name":"Shaded","section":"Shading Mode"},"sceneLighting":true,"audioPlay":false,"sceneViewState":{"showFog":true,"showMaterialUpdate":false,"showSkybox":true,"showFlares":true,"showImageEffects":true,"showParticleSystems":true},"in2DMode":false,"pivot":{"x":88.23098754882813,"y":6.767663955688477,"z":169.03628540039063},"rotation":{"x":-0.41667133569717409,"y":0.058405015617609027,"z":-0.029459070414304735,"w":-0.9069768190383911},"size":11.911507606506348,"orthographic":false}